{
  "sites": [
    [
      "bnlpox3p",
      {
        "id": "bnlpox3p",
        "name": "asasdeanjo.org",
        "domain": "asasdeanjo.org",
        "createdAt": 1767992016357,
        "theme_color": "#006fee"
      }
    ]
  ],
  "history": [
    [
      "bnlpox3p",
      {
        "minutes": [
          {
            "time": "14:03:35",
            "users": 0
          },
          {
            "time": "14:03:40",
            "users": 0
          },
          {
            "time": "14:03:45",
            "users": 0
          },
          {
            "time": "14:03:50",
            "users": 0
          },
          {
            "time": "14:03:55",
            "users": 0
          },
          {
            "time": "14:04:00",
            "users": 0
          },
          {
            "time": "14:04:05",
            "users": 0
          },
          {
            "time": "14:04:10",
            "users": 0
          },
          {
            "time": "14:04:15",
            "users": 0
          },
          {
            "time": "14:04:20",
            "users": 0
          },
          {
            "time": "14:04:25",
            "users": 0
          },
          {
            "time": "14:04:30",
            "users": 0
          },
          {
            "time": "14:04:35",
            "users": 0
          },
          {
            "time": "14:04:40",
            "users": 0
          },
          {
            "time": "14:04:45",
            "users": 0
          },
          {
            "time": "14:04:50",
            "users": 0
          },
          {
            "time": "14:04:55",
            "users": 0
          },
          {
            "time": "14:05:00",
            "users": 0
          },
          {
            "time": "14:05:05",
            "users": 0
          },
          {
            "time": "14:05:10",
            "users": 0
          },
          {
            "time": "14:05:15",
            "users": 0
          },
          {
            "time": "14:05:20",
            "users": 0
          },
          {
            "time": "14:05:25",
            "users": 0
          },
          {
            "time": "14:05:30",
            "users": 0
          },
          {
            "time": "14:05:35",
            "users": 0
          },
          {
            "time": "14:05:40",
            "users": 0
          },
          {
            "time": "14:05:45",
            "users": 0
          },
          {
            "time": "14:05:50",
            "users": 0
          },
          {
            "time": "14:05:55",
            "users": 0
          },
          {
            "time": "14:06:00",
            "users": 0
          },
          {
            "time": "14:06:05",
            "users": 0
          },
          {
            "time": "14:06:10",
            "users": 0
          },
          {
            "time": "14:06:15",
            "users": 0
          },
          {
            "time": "14:06:20",
            "users": 0
          },
          {
            "time": "14:06:25",
            "users": 0
          },
          {
            "time": "14:06:30",
            "users": 0
          },
          {
            "time": "14:06:35",
            "users": 0
          },
          {
            "time": "14:06:40",
            "users": 0
          },
          {
            "time": "14:06:45",
            "users": 0
          },
          {
            "time": "14:06:50",
            "users": 0
          },
          {
            "time": "14:06:55",
            "users": 0
          },
          {
            "time": "14:07:00",
            "users": 0
          },
          {
            "time": "14:07:05",
            "users": 0
          },
          {
            "time": "14:07:10",
            "users": 0
          },
          {
            "time": "14:07:15",
            "users": 0
          },
          {
            "time": "14:07:20",
            "users": 0
          },
          {
            "time": "14:07:25",
            "users": 0
          },
          {
            "time": "14:07:30",
            "users": 0
          },
          {
            "time": "14:07:35",
            "users": 0
          },
          {
            "time": "14:07:40",
            "users": 0
          },
          {
            "time": "14:07:45",
            "users": 0
          },
          {
            "time": "14:07:50",
            "users": 0
          },
          {
            "time": "14:07:55",
            "users": 0
          },
          {
            "time": "14:08:00",
            "users": 0
          },
          {
            "time": "14:08:05",
            "users": 0
          },
          {
            "time": "14:08:10",
            "users": 0
          },
          {
            "time": "14:08:15",
            "users": 0
          },
          {
            "time": "14:08:20",
            "users": 0
          },
          {
            "time": "14:08:25",
            "users": 0
          },
          {
            "time": "14:08:30",
            "users": 0
          }
        ],
        "hours": [
          {
            "time": "17:00",
            "users": 0
          },
          {
            "time": "18:00",
            "users": 0
          },
          {
            "time": "19:00",
            "users": 0
          },
          {
            "time": "20:00",
            "users": 0
          },
          {
            "time": "21:00",
            "users": 0
          },
          {
            "time": "22:00",
            "users": 0
          },
          {
            "time": "13:00",
            "users": 0
          },
          {
            "time": "14:00",
            "users": 0
          }
        ],
        "days": [
          {
            "time": "Sex",
            "users": 0
          },
          {
            "time": "Sáb",
            "users": 0
          }
        ]
      }
    ]
  ],
  "users": [
    [
      "tarik",
      {
        "username": "tarik",
        "password": "12345",
        "createdAt": 1767987052407
      }
    ]
  ]
}